{"cameraMode":{"drawMode":0,"name":"Shaded","section":"Shading Mode"},"sceneLighting":false,"audioPlay":false,"sceneViewState":{"m_AlwaysRefresh":false,"showFog":false,"showSkybox":false,"showFlares":false,"showImageEffects":false,"showParticleSystems":false,"showVisualEffectGraphs":true,"m_FxEnabled":true},"in2DMode":false,"pivot":{"x":-0.01112288236618042,"y":0.9030386805534363,"z":0.06464671343564987},"rotation":{"x":0.0010176587384194136,"y":0.9957298636436462,"z":0.011053269729018212,"w":-0.09166594594717026},"size":1.0107173919677735,"orthographic":false}