{"cameraMode":{"drawMode":0,"name":"Shaded","section":"Shading Mode"},"sceneLighting":true,"audioPlay":false,"sceneViewState":{"m_AlwaysRefresh":true,"showFog":true,"showSkybox":true,"showFlares":true,"showImageEffects":true,"showParticleSystems":true,"showVisualEffectGraphs":true,"m_FxEnabled":true},"in2DMode":false,"pivot":{"x":7.389530658721924,"y":6.844044208526611,"z":10.16556453704834},"rotation":{"x":-0.0008792506996542215,"y":0.9918234944343567,"z":-0.0068434858694672588,"w":-0.12744992971420289},"size":1.709226131439209,"orthographic":false}