{"cameraMode":{"drawMode":0,"name":"Shaded","section":"Shading Mode"},"sceneLighting":false,"audioPlay":false,"sceneViewState":{"m_AlwaysRefresh":false,"showFog":false,"showSkybox":false,"showFlares":false,"showImageEffects":false,"showParticleSystems":false,"showVisualEffectGraphs":true,"m_FxEnabled":true},"in2DMode":false,"pivot":{"x":-0.00023037195205688477,"y":0.9987085461616516,"z":0.019859284162521364},"rotation":{"x":0.2070588916540146,"y":0.7874348163604736,"z":-0.45958665013313296,"w":0.35477036237716677},"size":1.7865937948226929,"orthographic":false}